{"stats":{"minecraft:crafted":{"minecraft:crafting_table":1,"minecraft:spruce_planks":8,"minecraft:stick":4,"minecraft:stone_pickaxe":1,"minecraft:wooden_pickaxe":1},"minecraft:mined":{"minecraft:grass_block":3,"minecraft:dirt":10,"minecraft:spruce_log":2,"minecraft:stone":24,"minecraft:diorite":8},"minecraft:used":{"minecraft:wooden_axe":1,"minecraft:stone_pickaxe":23,"minecraft:wooden_pickaxe":16},"minecraft:dropped":{"minecraft:cobblestone":9},"minecraft:picked_up":{"minecraft:wooden_axe":1,"minecraft:stick":7,"minecraft:wooden_pickaxe":1,"minecraft:spruce_planks":5,"minecraft:spruce_log":2,"minecraft:diorite":8,"minecraft:dirt":13,"minecraft:cobblestone":24},"minecraft:custom":{"minecraft:time_since_rest":5209,"minecraft:play_time":5209,"minecraft:sprint_one_cm":5715,"minecraft:damage_taken":195,"minecraft:walk_one_cm":15833,"minecraft:drop":1,"minecraft:jump":60,"minecraft:damage_dealt":87,"minecraft:leave_game":1,"minecraft:time_since_death":5209,"minecraft:total_world_time":5209,"minecraft:interact_with_crafting_table":3,"minecraft:fall_one_cm":420,"minecraft:fly_one_cm":2519}},"DataVersion":3465}