{"stats":{"minecraft:crafted":{"minecraft:cooked_beef":1,"minecraft:cooked_porkchop":3,"minecraft:crafting_table":1,"minecraft:spruce_planks":8,"minecraft:stick":4,"minecraft:wooden_pickaxe":1,"minecraft:stone_pickaxe":1,"minecraft:furnace":1,"minecraft:torch":28,"minecraft:air":0},"minecraft:killed":{"minecraft:skeleton":1,"minecraft:zombie":3,"minecraft:pig":4,"minecraft:spider":1,"minecraft:cod":2},"minecraft:mined":{"minecraft:iron_ore":2,"minecraft:spruce_log":15,"minecraft:coal_ore":23,"minecraft:grass_block":3,"minecraft:dirt":11,"minecraft:cobblestone":1,"minecraft:spruce_leaves":5,"minecraft:stone":26,"minecraft:sugar_cane":5,"minecraft:diorite":8},"minecraft:used":{"minecraft:wooden_axe":28,"minecraft:stone_pickaxe":53,"minecraft:wooden_pickaxe":18,"minecraft:spruce_sapling":6,"minecraft:torch":10,"minecraft:dirt":3,"minecraft:cooked_porkchop":3,"minecraft:furnace":1,"minecraft:cooked_beef":2},"minecraft:dropped":{"minecraft:cobblestone":9},"minecraft:broken":{"minecraft:wooden_axe":1},"minecraft:picked_up":{"minecraft:wooden_axe":1,"minecraft:raw_iron":5,"minecraft:stick":11,"minecraft:cooked_beef":1,"minecraft:wooden_pickaxe":1,"minecraft:porkchop":8,"minecraft:spruce_sapling":6,"minecraft:diorite":8,"minecraft:spruce_log":16,"minecraft:string":2,"minecraft:dirt":14,"minecraft:rotten_flesh":5,"minecraft:kelp":10,"minecraft:spruce_planks":5,"minecraft:bone_meal":1,"minecraft:sugar_cane":9,"minecraft:coal":23,"minecraft:cod":2,"minecraft:cobblestone":26},"minecraft:custom":{"minecraft:time_since_rest":23209,"minecraft:sprint_one_cm":30955,"minecraft:interact_with_furnace":9,"minecraft:damage_taken":570,"minecraft:walk_one_cm":151768,"minecraft:mob_kills":11,"minecraft:drop":1,"minecraft:damage_dealt":1072,"minecraft:swim_one_cm":10050,"minecraft:interact_with_crafting_table":6,"minecraft:fly_one_cm":19629,"minecraft:open_chest":6,"minecraft:play_time":23209,"minecraft:sneak_time":5,"minecraft:walk_under_water_one_cm":2138,"minecraft:jump":295,"minecraft:leave_game":1,"minecraft:walk_on_water_one_cm":20570,"minecraft:time_since_death":23209,"minecraft:total_world_time":23209,"minecraft:fall_one_cm":1523}},"DataVersion":3465}