{"stats":{"minecraft:crafted":{"minecraft:cooked_beef":10,"minecraft:stone_shovel":1,"minecraft:crafting_table":1,"minecraft:spruce_planks":88,"minecraft:wooden_pickaxe":1,"minecraft:furnace":1,"minecraft:stone_axe":1,"minecraft:cooked_mutton":1,"minecraft:air":0,"minecraft:stick":20,"minecraft:stone_pickaxe":1,"minecraft:wooden_axe":1,"minecraft:stone_sword":1},"minecraft:killed_by":{"minecraft:skeleton":1},"minecraft:killed":{"minecraft:pig":1,"minecraft:creeper":1,"minecraft:zombie":6,"minecraft:cow":2},"minecraft:mined":{"minecraft:crafting_table":1,"minecraft:granite":1,"minecraft:grass_block":4,"minecraft:cobblestone":2,"minecraft:spruce_leaves":15,"minecraft:diorite":1,"minecraft:iron_ore":3,"minecraft:sweet_berry_bush":2,"minecraft:spruce_log":78,"minecraft:coal_ore":18,"minecraft:dirt":62,"minecraft:stone":101,"minecraft:fern":11},"minecraft:used":{"minecraft:cooked_mutton":1,"minecraft:diorite":1,"minecraft:stone_sword":32,"minecraft:stone_shovel":63,"minecraft:stone_pickaxe":116,"minecraft:spruce_planks":2,"minecraft:wooden_pickaxe":10,"minecraft:dirt":23,"minecraft:crafting_table":2,"minecraft:spruce_log":2,"minecraft:wooden_axe":16,"minecraft:spruce_sapling":15,"minecraft:stone_axe":67,"minecraft:sweet_berries":7,"minecraft:furnace":1,"minecraft:cooked_beef":7},"minecraft:dropped":{"minecraft:wheat_seeds":1,"minecraft:cooked_beef":1,"minecraft:raw_iron":3,"minecraft:stick":7,"minecraft:spruce_planks":5,"minecraft:wooden_axe":1,"minecraft:spruce_log":1,"minecraft:wooden_pickaxe":2},"minecraft:picked_up":{"minecraft:crafting_table":1,"minecraft:cooked_beef":3,"minecraft:wooden_pickaxe":1,"minecraft:gunpowder":4,"minecraft:dirt":135,"minecraft:bone":2,"minecraft:wheat_seeds":2,"minecraft:spruce_planks":55,"minecraft:beef":5,"minecraft:stone_pickaxe":1,"minecraft:stick":26,"minecraft:raw_iron":3,"minecraft:sweet_berries":7,"minecraft:porkchop":1,"minecraft:spruce_sapling":17,"minecraft:diorite":2,"minecraft:spruce_log":77,"minecraft:stone_sword":1,"minecraft:rotten_flesh":12,"minecraft:stone_shovel":1,"minecraft:stone_axe":3,"minecraft:granite":1,"minecraft:coal":36,"minecraft:cobblestone":192},"minecraft:custom":{"minecraft:interact_with_furnace":13,"minecraft:mob_kills":10,"minecraft:interact_with_crafting_table":10,"minecraft:time_since_death":6296,"minecraft:time_since_rest":6332,"minecraft:sprint_one_cm":61001,"minecraft:damage_taken":1032,"minecraft:walk_one_cm":110780,"minecraft:drop":17,"minecraft:damage_dealt":1933,"minecraft:fly_one_cm":41908,"minecraft:open_chest":10,"minecraft:crouch_one_cm":765,"minecraft:play_time":23999,"minecraft:deaths":1,"minecraft:sneak_time":583,"minecraft:jump":343,"minecraft:total_world_time":23999,"minecraft:fall_one_cm":3419}},"DataVersion":3465}