{"stats":{"minecraft:crafted":{"minecraft:stone_sword":1,"minecraft:stone_shovel":1,"minecraft:stone_axe":1,"minecraft:crafting_table":1,"minecraft:spruce_planks":88,"minecraft:stick":20,"minecraft:stone_pickaxe":1,"minecraft:wooden_pickaxe":1,"minecraft:wooden_axe":1},"minecraft:killed":{"minecraft:cow":1},"minecraft:mined":{"minecraft:spruce_leaves":2,"minecraft:stone":10,"minecraft:spruce_log":50,"minecraft:crafting_table":1,"minecraft:fern":1},"minecraft:used":{"minecraft:stone_axe":31,"minecraft:wooden_axe":16,"minecraft:stone_sword":2,"minecraft:crafting_table":1,"minecraft:spruce_planks":2,"minecraft:wooden_pickaxe":10,"minecraft:spruce_sapling":1,"minecraft:spruce_log":2},"minecraft:dropped":{"minecraft:wooden_pickaxe":1,"minecraft:wooden_axe":1,"minecraft:spruce_planks":5,"minecraft:stick":7},"minecraft:picked_up":{"minecraft:crafting_table":1,"minecraft:beef":2,"minecraft:spruce_sapling":1,"minecraft:spruce_log":49,"minecraft:cobblestone":18},"minecraft:custom":{"minecraft:time_since_rest":5999,"minecraft:crouch_one_cm":492,"minecraft:play_time":5999,"minecraft:sprint_one_cm":7162,"minecraft:damage_taken":72,"minecraft:walk_one_cm":20393,"minecraft:sneak_time":346,"minecraft:mob_kills":1,"minecraft:drop":10,"minecraft:jump":58,"minecraft:damage_dealt":155,"minecraft:time_since_death":5999,"minecraft:total_world_time":5999,"minecraft:fly_one_cm":5300,"minecraft:interact_with_crafting_table":6,"minecraft:fall_one_cm":478}},"DataVersion":3465}