{"stats":{"minecraft:crafted":{"minecraft:chest":1,"minecraft:stone_axe":1,"minecraft:crafting_table":1,"minecraft:spruce_planks":20,"minecraft:stick":4,"minecraft:wooden_pickaxe":1},"minecraft:mined":{"minecraft:spruce_leaves":4,"minecraft:spruce_log":44,"minecraft:stone":22,"minecraft:fern":2},"minecraft:used":{"minecraft:stone_axe":45,"minecraft:crafting_table":1,"minecraft:chest":1,"minecraft:wooden_pickaxe":22,"minecraft:spruce_sapling":2},"minecraft:picked_up":{"minecraft:stick":1,"minecraft:spruce_sapling":2,"minecraft:spruce_log":43,"minecraft:cobblestone":23},"minecraft:custom":{"minecraft:open_chest":1,"minecraft:time_since_rest":5993,"minecraft:crouch_one_cm":2603,"minecraft:play_time":5993,"minecraft:sprint_one_cm":10870,"minecraft:damage_taken":92,"minecraft:walk_one_cm":11021,"minecraft:sneak_time":910,"minecraft:jump":69,"minecraft:damage_dealt":217,"minecraft:time_since_death":5993,"minecraft:total_world_time":5993,"minecraft:fly_one_cm":4309,"minecraft:interact_with_crafting_table":4,"minecraft:fall_one_cm":1051}},"DataVersion":3465}