{"stats":{"minecraft:crafted":{"minecraft:cooked_cod":2,"minecraft:crafting_table":1,"minecraft:spruce_planks":68,"minecraft:stick":20,"minecraft:iron_pickaxe":1,"minecraft:iron_ingot":3,"minecraft:wooden_pickaxe":1,"minecraft:stone_pickaxe":1,"minecraft:chest":1,"minecraft:stone_axe":2,"minecraft:cooked_mutton":3,"minecraft:air":0},"minecraft:killed":{"minecraft:skeleton":1,"minecraft:sheep":3,"minecraft:zombie":5,"minecraft:creeper":2,"minecraft:cow":3},"minecraft:mined":{"minecraft:iron_ore":16,"minecraft:spruce_log":57,"minecraft:andesite":4,"minecraft:crafting_table":1,"minecraft:granite":1,"minecraft:coal_ore":2,"minecraft:chest":2,"minecraft:dirt":10,"minecraft:spruce_leaves":10,"minecraft:stone":117,"minecraft:fern":2},"minecraft:used":{"minecraft:cooked_mutton":3,"minecraft:stone_pickaxe":108,"minecraft:iron_pickaxe":5,"minecraft:chest":1,"minecraft:wooden_pickaxe":30,"minecraft:spruce_sapling":2,"minecraft:rotten_flesh":5,"minecraft:stone_axe":116,"minecraft:cobblestone":4,"minecraft:crafting_table":2,"minecraft:cooked_cod":2,"minecraft:granite":1},"minecraft:dropped":{"minecraft:stone_axe":1,"minecraft:arrow":1,"minecraft:wooden_pickaxe":1},"minecraft:picked_up":{"minecraft:raw_iron":17,"minecraft:stick":5,"minecraft:crafting_table":1,"minecraft:music_disc_13":1,"minecraft:andesite":4,"minecraft:leather":1,"minecraft:spruce_sapling":6,"minecraft:gunpowder":1,"minecraft:spruce_log":56,"minecraft:dirt":12,"minecraft:arrow":2,"minecraft:rotten_flesh":5,"minecraft:beef":6,"minecraft:granite":1,"minecraft:gray_wool":1,"minecraft:chest":2,"minecraft:coal":2,"minecraft:mutton":4,"minecraft:white_wool":2,"minecraft:cobblestone":120},"minecraft:custom":{"minecraft:time_since_rest":23993,"minecraft:interact_with_furnace":17,"minecraft:sprint_one_cm":47648,"minecraft:damage_taken":532,"minecraft:walk_one_cm":77910,"minecraft:mob_kills":14,"minecraft:drop":3,"minecraft:damage_dealt":2709,"minecraft:interact_with_crafting_table":6,"minecraft:fly_one_cm":16963,"minecraft:open_chest":21,"minecraft:crouch_one_cm":6520,"minecraft:play_time":23993,"minecraft:sneak_time":2257,"minecraft:jump":345,"minecraft:time_since_death":23993,"minecraft:total_world_time":23993,"minecraft:fall_one_cm":4014}},"DataVersion":3465}